LHR Services,0005-0299(Long Haul),0300-0999(Short Haul),1000-1299(Other),1301-1499(Domestic),8580-8699(Other)
""
LGW Services,2000-2899,8000-8399(Short Haul),8800-8899,,
""
LYC Services,3200-3299,7000-7399,8400-8499,8700-8799,
""
SOU Services,2900-2999,,,,
""
Comair,6200-6499,,,,
""
Special Services,3300-3999,9000-9999,,,
""
Code Shares,1611-1699,4000-4399,4600-6199,,
LHR Long Haul Services
Country,City,Flight,Route,Call Signs
Japan,Tokyo,BA0005,LHR->HND,BAW5
,,BA0006,HND->LHR,BAW6
,,BA0007,LHR->HND,BAW7
,,BA0008,HND->LHR,BAW8
Denmark,Billund,BA0009,BLL->LCY,SUS9
,,BA0010,LCY->,SUS10
Singapore,Singapore,BA0011,LHR->SIN,BAW11
,,BA0012,SIN->LHR,BAW12
,,BA0015,LHR->SIN,BAW15
,,BA0016,SIN->LHR,"BAW16D, BAW16"
United Kingdom,Inverness,BA0017,INV->LHR,SHT17X
Hong Kong,Hong Kong,BA0027,LHR->HKG,BAW27
,,BA0028,HKG->LHR,BAW28
,,BA0031,LHR->HKG,BAW31
,,BA0032,HKG->LHR,BAW32
Sweden,Gothenborg,BA0033,GOT->CBG,SUS33
United Kingdom,Cambridge,BA0034,CBG->GOT,SUS34
India,Madras,BA0035,LHR->MAA,BAW35
,,BA0036,MAA->LHR,BAW36
,,BA0037,->CBG,SUS37
China,Beijing,BA0038,PKX->LHR,BAW38
,,BA0039,LHR->PKX,BAW39
South Africa,Cape Town,BA0042,CPT->LHR,"BAW42, BAW58L"
,,BA0043,LHR->CPT,BAW43
United States,Seattle,BA0048,SEA->LHR,"BAW48Q, BAW48"
,,BA0049,LHR->SEA,BAW49
,,BA0052,SEA->LHR,BAW4EA
,,BA0053,LHR->SEA,"BAW5EA, BAW53"
South Africa,Johannesburg,BA0054,JNB->LHR,BAW54
,,BA0055,LHR->JNB,"BAW55G, BAW55"
,,BA0056,JNB->LHR,BAW56
,,BA0057,LHR->JNB,"BAW57K, BAW57"
,Cape Town,BA0058,CPT->LHR,"BAW58L, BAW58"
,,BA0059,LHR->CPT,BAW59
Maldives,Male,BA0060,MLE->LHR,BAW60
,,BA0061,LHR->MLE,BAW61
Kenya,Nairobi,BA0064,NBO->LHR,"BAW64M, BAW64"
,,BA0065,LHR->NBO,BAW65
United States,Philadelphia,BA0066,PHL->LHR,BAW9NF
,,BA0067,LHR->PHL,"BAW6RB, BAW67"
Nigeria,Lagos,BA0074,LOS->LHR,BAW74
,,BA0075,LHR->LOS,BAW75
Ghana,Accra,BA0078,ACC->LHR,BAW78
,,BA0081,LHR->ACC,BAW81
Nigeria,Abuja,BA0082,ABV->LHR,BAW82
,,BA0083,LHR->ABV,BAW83
Canada,Vancouver,BA0084,YVR->LHR,"BAW84, BAW88C"
,,BA0085,LHR->YVR,"BAW5VY, BAW85"
,Toronto,BA0092,YYZ->LHR,"BAW5CA, BAW92"
,,BA0093,LHR->YYZ,"BAW9L, BAW93"
,Montreal,BA0094,YUL->LHR,"BAW9EW, BAW94"
,,BA0095,LHR->YUL,"BAW6NC, BAW95"
Spain,Alicante,BA0096,ALC->LGW,EFW96T
Canada,Toronto,BA0098,YYZ->LHR,BAW98
,,BA0099,LHR->YYZ,BAW99
United Arab Emirates,Dubai,BA0104,DXB->LHR,BAW104
,,BA0105,LHR->DXB,BAW105
,,BA0106,DXB->LHR,BAW106
,,BA0107,LHR->DXB,"BAW107, BAW8K"
,,BA0108,DXB->LHR,BAW108
,,BA0109,LHR->DXB,BAW109
United States,New York,BA0112,JFK->LHR,"BAW40F, BAW112"
,,BA0113,LHR->JFK,BAW33K
,,BA0114,JFK->LHR,"BAW14K, BAW114"
,,BA0115,LHR->JFK,"BAW15K, BAW115"
,,BA0116,JFK->LHR,BAW116
,,BA0117,LHR->JFK,"BAW17R, BAW117"
India,Bangalore,BA0118,BLR->LHR,BAW118
,,BA0119,LHR->BLR,BAW119
United States,Cincinnati,BA0120,CVG->LHR,BAW120
,,BA0121,LHR->CVG,"BAW21V, BAW121"
Qatar,Doha,BA0122,DOH->LHR,BAW122
,,BA0123,LHR->DOH,BAW123
Bahrain,Bahrain,BA0124,BAH->LHR,BAW124
,,BA0125,LHR->BAH,BAW125
India,Mumbai,BA0134,BOM->LHR,BAW134
,,BA0135,LHR->BOM,BAW135
,,BA0138,BOM->LHR,BAW138
,,BA0139,LHR->BOM,BAW139
,Delhi,BA0142,DEL->LHR,BAW142
,,BA0143,LHR->DEL,BAW143
Kuwait,Kuwait,BA0156,KWI->LHR,BAW156
,,BA0157,LHR->KWI,BAW157
Bermuda,Bermuda,BA0158,BDA->LHR,"BAW18B, BAW158"
,,BA0159,LHR->BDA,"BAW19N, BAW159"
China,Shanghai,BA0168,PVG->LHR,BAW168
,,BA0169,LHR->PVG,BAW169
United States,Pittsburgh,BA0170,PIT->LHR,"BAW70Q, BAW170"
,,BA0171,LHR->PIT,BAW171
,New York,BA0172,JFK->LHR,BAW172
,,BA0173,LHR->JFK,"BAW173A, BAW173"
,,BA0174,JFK->LHR,"BAW11J, BAW174"
,,BA0175,LHR->JFK,"BAW7NY, BAW175"
,,BA0176,JFK->LHR,"BAW176A, BAW176"
,,BA0177,LHR->JFK,"BAW4A, BAW177"
,,BA0178,JFK->LHR,BAW178
,,BA0179,LHR->JFK,"BAW179, BAW37J"
,Newark,BA0180,EWR->LHR,"BAW46K, BAW180"
,,BA0181,LHR->EWR,"BAW81RC, BAW181"
,New York,BA0182,JFK->LHR,"BAW18A, BAW182"
,,BA0183,LHR->JFK,BAW183
,Newark,BA0184,EWR->LHR,BAW9E
,,BA0185,LHR->EWR,BAW185
,,BA0188,EWR->LHR,BAW188
,,BA0189,LHR->EWR,BAW189
,Austin,BA0190,AUS->LHR,"BAW19W, BAW190"
,,BA0191,LHR->AUS,"BAW91C, BAW191"
,Dallas-Fort Worth,BA0192,DFW->LHR,"BAW8K, BAW192"
,,BA0193,LHR->DFW,"BAW9A, BAW193"
,Houston,BA0194,IAH->LHR,"BAW81V, BAW194"
,,BA0195,LHR->IAH,"BAW26E, BAW195"
,,BA0196,IAH->LHR,"BAW196E, BAW196"
,,BA0197,LHR->IAH,BAW97A
India,Mumbai,BA0198,BOM->LHR,BAW198
,,BA0199,LHR->BOM,BAW199
United States,Boston,BA0202,BOS->LHR,BAW51B
,,BA0203,LHR->BOS,BAW50G
,Miami,BA0206,MIA->LHR,"BAW6W, BAW206"
,,BA0207,LHR->MIA,"BAW3Z, BAW207"
,,BA0208,MIA->LHR,"BAW34N, BAW208"
,,BA0209,LHR->MIA,BAW209
,Boston,BA0212,BOS->LHR,"BAW2CM, BAW212"
,,BA0213,LHR->BOS,"BAW5BM, BAW13G, BAW213"
,Washington,BA0216,IAD->LHR,BAW216
,,BA0217,LHR->IAD,"BAW7W, BAW217"
,Denver,BA0218,DEN->LHR,"BAW21ML, BAW218, BAW219V"
,,BA0219,LHR->DEN,"BAW219V, BAW219"
,Nashville,BA0222,BNA->LHR,"BAW22E, BAW222"
,,BA0223,LHR->BNA,"BAW223N, BAW223"
,New Orleans,BA0224,MSY->LHR,"BAW224U, BAW224"
,,BA0225,LHR->MSY,"BAW225Y, BAW225"
,Atlanta,BA0226,ATL->LHR,"BAW23T, BAW226"
,,BA0227,LHR->ATL,"BAW7TG, BAW227"
,Baltimore,BA0228,BWI->LHR,"BAW228, BAW2LJ"
,,BA0229,LHR->BWI,"BAW22B, BAW229"
,Boston,BA0238,BOS->LHR,"BAW29G, BAW238"
,,BA0239,LHR->BOS,BAW239
Mexico,Mexico City,BA0242,MEX->LHR,BAW242
,,BA0243,LHR->MEX,BAW243
Brazil,Sao Paulo,BA0246,GRU->LHR,BAW246
,,BA0247,LHR->GRU,BAW247
,Rio De Janeiro,BA0248,GIG->LHR,"BAW248, BAW248D"
,,BA0249,LHR->GIG,"BAW249D, BAW249"
Chile,Santiago,BA0250,SCL->LHR,BAW250
,,BA0251,LHR->SCL,BAW251
Bahamas,Nassau,BA0252,NAS->LHR,"BAW252M, BAW252"
,,BA0253,LHR->NAS,"BAW253M, BAW253"
Barbados,Bridgetown,BA0254,BGI->LHR,"BAW25GP, BAW254"
,,BA0255,LHR->BGI,BAW255
India,Delhi,BA0256,DEL->LHR,BAW256
,,BA0257,LHR->DEL,BAW257
Pakistan,Islamabad,BA0260,ISB->LHR,BAW260
,,BA0261,LHR->ISB,BAW261
Saudi Arabia,Riyadh,BA0262,RUH->LHR,BAW262
,,BA0263,LHR->RUH,BAW263
United States,Portland,BA0266,PDX->LHR,BAW26V
,,BA0267,LHR->PDX,BAW71K
,Los Angeles,BA0268,LAX->LHR,BAW4Q
,,BA0269,LHR->LAX,"BAW7J, BAW269"
,San Diego,BA0272,SAN->LHR,"BAW9SW, BAW272"
,,BA0273,LHR->SAN,"BAW82P, BAW273"
,Las Vegas,BA0274,LAS->LHR,"BAW4LV, BAW274"
,,BA0275,LHR->LAS,"BAW2MW, BAW275"
India,Hyderabad,BA0276,HYD->LHR,BAW276
,,BA0277,LHR->HYD,BAW277
United States,Los Angeles,BA0280,LAX->LHR,BAW28F
,,BA0281,LHR->LAX,BAW21B
,,BA0282,LAX->LHR,BAW8DS
,,BA0283,LHR->LAX,BAW283
,San Francisco,BA0284,SFO->LHR,"BAW2X, BAW284"
,,BA0285,LHR->SFO,"BAW285, BAW5L"
,,BA0286,SFO->LHR,"BAW6B, BAW286"
,,BA0287,LHR->SFO,"BAW28K, BAW287"
,Phoenix,BA0288,PHX->LHR,"BAW3PB, BAW288"
,,BA0289,LHR->PHX,BAW9CG
,Washington,BA0292,IAD->LHR,BAW29C
,,BA0293,LHR->IAD,BAW293
,Chicago,BA0294,ORD->LHR,"BAW20R, BAW294"
,,BA0295,LHR->ORD,"BAW2PD, BAW295"
,,BA0296,ORD->LHR,"BAW24R, BAW296"
,,BA0297,LHR->ORD,"BAW2WC, BAW297"
LHR Short Haul Services
Country,City,Flight,Route,Call Signs
France,Paris,BA0303,CDG->LHR,"BAW30T, BAW303"
,,BA0304,LHR->CDG,BAW3VH
,,BA0306,LHR->CDG,"BAW4DC, BAW306"
,,BA0307,CDG->LHR,"BAW30N, FIN30N, FIN307"
,,BA0308,LHR->CDG,BAW308
,,BA0309,CDG->LHR,BAW309
Jordan,Amman,BA0312,LHR->AMM,BAW312
,,BA0313,AMM->LHR,BAW313
France,Paris,BA0314,LHR->CDG,"BAW314S, BAW314"
,,BA0315,CDG->LHR,BAW315
,,BA0316,LHR->CDG,"BAW16UP, BAW316"
,,BA0319,CDG->LHR,"BAW319A, BAW319"
,,BA0322,LHR->CDG,"BAW322, BAW3PG"
,,BA0323,CDG->LHR,"BAW323V, BAW323"
,,BA0326,LHR->CDG,BAW326
,,BA0327,CDG->LHR,"BAW327X, BAW327"
,,BA0328,LHR->CDG,"BAW3FP, BAW328"
,,BA0329,CDG->LHR,"BAW32PG, BAW329"
,Nice,BA0341,NCE->LHR,BAW341
,,BA0342,LHR->NCE,"BAW342N, BAW342"
,,BA0343,NCE->LHR,"BAW343E, BAW343"
,,BA0344,LHR->NCE,"BAW34RN, BAW344, BAW34GH"
,,BA0345,NCE->LHR,"BAW33CE, BAW345"
,,BA0346,LHR->NCE,"BAW34XR, BAW346"
,,BA0347,NCE->LHR,"BAW347N, BAW347"
,,BA0348,LHR->NCE,"BAW348K, BAW348"
,,BA0349,NCE->LHR,"BAW39P, BAW349"
,,BA0350,LHR->NCE,"BAW50EC, BAW350"
,,BA0351,NCE->LHR,BAW351
,,BA0352,LHR->NCE,BAW352
,,BA0354,LHR->NCE,"BAW354N, BAW354, BAW345N"
,,BA0355,NCE->LHR,"BAW70CE, BAW355"
,,BA0357,->CGN,SUS357
France,Lyon,BA0358,LHR->LYS,"BAW3AW, BAW358"
,,BA0359,LYS->LHR,"BAW40YL, BAW359"
,,BA0360,LHR->LYS,"BAW41YA, BAW360"
,,BA0361,LYS->LHR,"BAW42Y, BAW361"
,,BA0362,LHR->LYS,BAW362Y
,,BA0363,LYS->LHR,BAW36LU
,,BA0364,LHR->LYS,BAW364
,,BA0365,LYS->LHR,BAW365
,Marseille,BA0366,LHR->MRS,"BAW366U, BAW366"
,,BA0367,MRS->LHR,"BAW16MT, BAW367"
,,BA0368,LHR->MRS,"BAW3HM, BAW368"
,,BA0369,MRS->LHR,"BAW13MR, BAW369"
,Toulouse,BA0372,LHR->TLS,"BAW2DP, BAW372"
,,BA0373,TLS->LHR,"BAW3AK, BAW373"
,,BA0376,LHR->TLS,"BAW6DP, BAW376"
,,BA0377,TLS->LHR,BAW377
,,BA0378,LHR->TLS,"BAW3TV, BAW378"
,,BA0379,TLS->LHR,BAW379
Albania,Tirana,BA0380,LHR->TIA,"FIN73EC, FIN380, BAW380"
,,BA0381,TIA->LHR,"BAW381, FIN87WN, FIN381"
France,Grenoble,BA0382,LHR->GNB,BAW382
,,BA0383,GNB->LHR,BAW383
,,BA0384,LHR->GNB,BAW384
,,BA0385,GNB->LHR,BAW385
Belgium,Brussels,BA0386,LHR->BRU,BAW386
,,BA0387,BRU->LHR,BAW387
,,BA0388,LHR->BRU,"BAW388R, BAW388"
,,BA0391,BRU->LHR,BAW391
,,BA0392,LHR->BRU,"BAW392R, BAW392"
,,BA0393,BRU->LHR,"BAW393B, BAW393"
,,BA0396,LHR->BRU,BAW396
,,BA0397,BRU->LHR,BAW397
,,BA0398,LHR->BRU,"BAW398R, BAW398"
,,BA0399,BRU->LHR,"BAW399R, BAW399"
Egypt,Cairo,BA0400,LHR->CAI,"BAW4TH, BAW400"
,,BA0401,CAI->LHR,BAW401
,,BA0406,LHR->CAI,"BAW406L, BAW406"
,,BA0407,CAI->LHR,"BAW407B, BAW407"
Spain,Valencia,BA0408,LHR->VLC,"BAW408V, BAW408"
,,BA0409,VLC->LHR,"BAW96VC, BAW409"
,,BA0410,LHR->VLC,BAW410
,,BA0411,VLC->LHR,BAW411
,Malaga,BA0412,LHR->AGP,"BAW412M, FIN412"
,,BA0413,AGP->LHR,"BAW413, FIN37WX, FIN413"
,Tenerife,BA0414,LHR->TFS,BAW414
,,BA0415,TFS->LHR,"BAW45UR, BAW415"
Luxembourg,Luxemburg,BA0416,LHR->LUX,"BAW416, BAW16LX"
,,BA0417,LUX->LHR,"BAW17SE, BAW417"
,,BA0418,LHR->LUX,"BAW18LX, BAW418"
,,BA0419,LUX->LHR,"BAW19LX, BAW419"
Netherlands,Amsterdam,BA0423,AMS->LHR,"BAW2AM, BAW423"
,,BA0426,LHR->AMS,BAW426
,,BA0427,AMS->LHR,BAW427
,,BA0428,LHR->AMS,"BAW48HY, BAW428"
,,BA0429,AMS->LHR,BAW429
,,BA0430,LHR->AMS,BAW430
,,BA0431,AMS->LHR,"BAW41R, BAW431"
United States,San Diego,BA0433,SAN->PHL,AAL433
Netherlands,Amsterdam,BA0434,LHR->AMS,"BAW3ET, BAW434"
,,BA0435,AMS->LHR,"BAW43XP, BAW435"
,,BA0436,LHR->AMS,"BAW3KG, BAW436"
,,BA0437,AMS->LHR,BAW437
,,BA0438,LHR->AMS,"BAW438W, BAW438"
,,BA0439,AMS->LHR,"BAW439M, BAW439"
,,BA0440,LHR->AMS,"BAW44E, BAW440"
,,BA0441,AMS->LHR,"BAW41HA, BAW441, BAW44E"
,,BA0442,LHR->AMS,"BAW442, BAW442K, FIN442, BAW422K"
,,BA0443,AMS->LHR,"BAW43HA, BAW443"
,,BA0444,LHR->AMS,BAW444
,,BA0446,LHR->AMS,BAW446
,,BA0447,AMS->LHR,BAW447
Spain,Tenerife,BA0448,LHR->TFS,BAW448
,,BA0449,TFS->LHR,BAW449
,Madrid,BA0456,LHR->MAD,"BAW5MK, BAW456, FIN456"
,,BA0457,MAD->LHR,"BAW457, BAW5MK, BAW86LH, FIN457"
,,BA0458,LHR->MAD,"BAW4MJ, BAW458, FIN458"
,,BA0459,MAD->LHR,"BAW45EM, BAW459"
,,BA0460,LHR->MAD,"BAW460M, BAW460"
,,BA0461,MAD->LHR,"BAW461M, BAW461"
,,BA0462,LHR->MAD,"BAW426V, BAW462V, BAW462, FIN462"
,,BA0463,MAD->LHR,"BAW43M, BAW463"
,,BA0464,LHR->MAD,"BAW46BL, BAW464, FIN464"
,,BA0465,MAD->LHR,"BAW465M, BAW465"
,,BA0466,LHR->MAD,"BAW46JU, BAW466"
,,BA0467,MAD->LHR,BAW467
,Barcelona,BA0470,LHR->BCN,"BAW470, FIN470"
,,BA0471,BCN->LHR,"BAW471, FIN471"
,,BA0472,LHR->BCN,"BAW472, BAW74AF, FIN472"
,,BA0473,BCN->LHR,"BAW473, BAW57MG, FIN473"
,,BA0474,LHR->BCN,"BAW474K, BAW474"
,,BA0475,BCN->LHR,BAW475
,,BA0476,LHR->BCN,"BAW7YT, BAW476"
,,BA0477,BCN->LHR,"BAW47C, BAW477"
,,BA0478,LHR->BCN,"BAW478S, BAW478, FIN478"
,,BA0479,BCN->LHR,"BAW479, FIN479, BAW15FD"
,,BA0480,LHR->BCN,"BAW480N, BAW480, FIN480"
,,BA0481,BCN->LHR,"BAW481B, BAW481, FIN481"
,,BA0482,LHR->BCN,"BAW482P, BAW482"
,,BA0483,BCN->LHR,"BAW483B, BAW483"
,,BA0484,LHR->BCN,"BAW484C, BAW484"
,,BA0485,BCN->LHR,BAW485
,,BA0488,LHR->BCN,"BAW488, BAW4GS, FIN488"
,,BA0489,BCN->LHR,"BAW489, BAW49TA, FIN489"
Gibraltar,Gibraltar,BA0490,LHR->GIB,"BAW4RE, BAW490"
,,BA0491,GIB->LHR,"BAW491, BAW491U"
,,BA0492,LHR->GIB,"BAW492U, BAW492"
,,BA0493,GIB->LHR,"BAW493, BAW493U"
Portugal,Lisbon,BA0499,LIS->LHR,"BAW499, BAW499C"
,,BA0500,LHR->LIS,"BAW5PT, FIN500"
,,BA0501,LIS->LHR,"BAW501, BAW51P, FIN501"
,,BA0502,LHR->LIS,"FIN5LI, BAW502, FIN502"
,,BA0503,LIS->LHR,"BAW53V, BAW503"
,,BA0504,LHR->LIS,"BAW5DP, BAW504"
,,BA0506,LHR->LIS,"BAW56HR, BAW506"
,,BA0507,LIS->LHR,"BAW507F, BAW507"
,,BA0518,LHR->LIS,"BAW58TL, BAW518"
,,BA0519,LIS->LHR,"BAW51L, BAW519"
,Funchal,BA0520,LHR->FNC,"BAW520, BAW2TC"
,,BA0521,FNC->LHR,"BAW52C, BAW521"
Finland,Rovaniemi,BA0534,RVN->HEL,"FIN5KR, FIN534"
,Helsinki,BA0535,HEL->RVN,"FIN9PE, FIN535"
Italy,Torino,BA0536,LHR->TRN,BAW56LT
,,BA0537,TRN->LHR,BAW57TN
,Bologna,BA0540,LHR->BLQ,"BAW5B, BAW540"
,,BA0541,BLQ->LHR,"BAW541A, BAW541"
,,BA0542,LHR->BLQ,"BAW542W, BAW542"
,,BA0543,BLQ->LHR,"BAW543Q, BAW543"
,,BA0544,LHR->BLQ,"BAW544K, BAW544D, BAW544, FIN544"
Finland,Helsinki,BA0545,HEL->RVN,FIN545
Italy,Rome,BA0546,LHR->FCO,"BAW5PQ, BAW546"
,,BA0547,FCO->LHR,"BAW8CF, BAW547"
,,BA0548,LHR->FCO,"BAW5CR, BAW548, FIN548"
,,BA0549,FCO->LHR,"BAW45T, BAW549, FIN549"
,,BA0551,FCO->LHR,BAW551
,,BA0552,LHR->FCO,"BAW552, BAW552F"
,,BA0553,FCO->LHR,"BAW553C, BAW553"
,,BA0554,LHR->FCO,"BAW554R, FIN554, BAW554"
,,BA0555,FCO->LHR,"BAW5RF, BAW555, FIN555"
,,BA0556,LHR->FCO,"BAW556Q, BAW556, BAW777C"
,,BA0557,FCO->LHR,"BAW557H, BAW557, FIN557"
,,BA0558,LHR->FCO,"BAW5FC, BAW558"
,,BA0559,FCO->LHR,"BAW55CL, BAW559, FIN559"
,,BA0560,LHR->FCO,"BAW560F, BAW560"
,Milan,BA0561,LIN->LHR,"BAW561L, BAW561"
,,BA0562,LHR->LIN,BAW562
,,BA0563,LIN->LHR,BAW563
,,BA0564,LHR->LIN,"BAW564Y, BAW564"
,,BA0565,LIN->LHR,"BAW6NL, BAW565"
,,BA0568,LHR->LIN,"BAW568J, BAW568"
,,BA0569,LIN->LHR,"FIN569J, BAW569"
,,BA0570,LHR->LIN,"BAW570, BAW7RL"
,Milano,BA0572,LHR->MXP,"BAW7MY, BAW572"
,,BA0573,MXP->LHR,"BAW75M, BAW573"
,Milan,BA0574,LHR->LIN,BAW574
,,BA0575,LIN->LHR,BAW575
,Milano,BA0576,LHR->MXP,"BAW5XM, BAW576"
,,BA0577,MXP->LHR,BAW577
,Venice,BA0578,LHR->VCE,"BAW15PZ, BAW578"
,,BA0579,VCE->LHR,"BAW579V, BAW597V, BAW579"
,Milano,BA0580,LHR->MXP,"BAW580M, BAW580"
,,BA0581,MXP->LHR,"BAW581X, BAW58NK, BAW581"
,Venice,BA0582,LHR->VCE,"BAW58EW, BAW582"
,,BA0583,VCE->LHR,"BAW53FT, BAW583"
,Milano,BA0584,LHR->MXP,"BAW5HL, BAW584"
,,BA0585,MXP->LHR,"BAW5KY, BAW585"
,Milan,BA0588,LHR->LIN,"BAW588L, BAW588"
,,BA0589,LIN->LHR,"BAW14GM, BAW589"
,Milano,BA0590,LHR->MXP,"BAW50M, BAW590"
,,BA0591,MXP->LHR,"BAW51X, BAW591"
United Kingdom,Manchester,BA0592,MAN->INV,"LOG2CV, LOG592, LOG7WC"
Italy,Venice,BA0594,LHR->VCE,BAW594R
,,BA0595,VCE->LHR,BAW595N
,,BA0596,LHR->VCE,BAW596
,,BA0597,VCE->LHR,"BAW597C, BAW597"
Turkey,Istanbul,BA0602,LHR->SAW,BAW602
,,BA0603,SAW->LHR,BAW603
Italy,Pisa,BA0604,LHR->PSA,"BAW604P, BAW604"
,,BA0605,PSA->LHR,BAW605
Cyprus,Larnaca,BA0620,LHR->LCA,"BAW6CA, BAW620"
,,BA0621,LCA->LHR,"BAW621C, BAW621"
Greece,Athens,BA0631,ATH->LHR,"BAW63VP, BAW631"
,,BA0632,LHR->ATH,"BAW32T, FIN632"
,,BA0633,ATH->LHR,"BAW33A, FIN633"
,,BA0634,LHR->ATH,"BAW26AV, BAW634"
,,BA0640,LHR->ATH,"BAW5RI, BAW640"
,,BA0641,ATH->LHR,"BAW641, FIN641, BAW66GA"
Cyprus,Larnaca,BA0660,LHR->LCA,"BAW660E, BAW660"
,,BA0661,LCA->LHR,"BAW61GC, BAW661"
,,BA0662,LHR->LCA,"BAW6CR, BAW662"
,,BA0663,LCA->LHR,BAW663
Morocco,Marrakech,BA0666,LHR->RAK,BAW666
,,BA0667,RAK->LHR,BAW667
,,BA0668,LHR->RAK,"BAW668R, BAW668"
,,BA0669,RAK->LHR,"BAW669R, BAW669"
Turkey,Istanbul,BA0675,IST->LHR,BAW675
,,BA0676,LHR->IST,BAW676
,,BA0677,IST->LHR,BAW677
,,BA0678,LHR->IST,BAW678
,,BA0679,IST->LHR,BAW679
,,BA0680,LHR->IST,BAW680
Austria,Salzburg,BA0682,LHR->SZG,"BAW682Z, BAW682"
,,BA0683,SZG->LHR,"BAW683, BAW68G"
,Innsbruck,BA0684,LHR->INN,"BAW99M, BAW684"
,,BA0685,INN->LHR,"BAW685F, BAW685"
,,BA0686,LHR->INN,"BAW93G, BAW686"
,,BA0687,INN->LHR,"BAW6WE, BAW687"
Slovenia,Ljubljana,BA0690,LHR->LJU,"BAW6LJ, BAW690"
,,BA0691,LJU->LHR,BAW691
Austria,Vienna,BA0695,VIE->LHR,BAW695
,,BA0696,LHR->VIE,"BAW696V, BAW696"
,,BA0697,VIE->LHR,"BAW697V, BAW697"
,,BA0698,LHR->VIE,BAW69Y
,,BA0699,VIE->LHR,"BAW699W, BAW699"
,,BA0700,LHR->VIE,"BAW700W, BAW700"
,,BA0701,VIE->LHR,"BAW701V, BAW701"
,,BA0702,LHR->VIE,"BAW702E, BAW702"
,,BA0703,VIE->LHR,"BAW703E, BAW703"
,,BA0704,LHR->VIE,"BAW704W, BAW704"
,,BA0705,VIE->LHR,BAW705
,,BA0706,LHR->VIE,"BAW706V, BAW706"
Switzerland,Zurich,BA0707,ZRH->LHR,BAW707H
,,BA0708,LHR->ZRH,"BAW708Z, BAW708"
,,BA0709,ZRH->LHR,BAW709
,,BA0710,LHR->ZRH,"BAW710R, BAW710"
,,BA0711,ZRH->LHR,"BAW71FJ, BAW711"
,,BA0712,LHR->ZRH,"BAW712T, BAW712"
,,BA0713,ZRH->LHR,"BAW3ZL, BAW713"
,,BA0714,LHR->ZRH,"BAW714T, BAW714"
,,BA0715,ZRH->LHR,"BAW715T, BAW715"
,,BA0716,LHR->ZRH,"BAW716, BAW14R"
,,BA0717,ZRH->LHR,"BAW717T, BAW717"
,,BA0718,LHR->ZRH,BAW718
,,BA0719,ZRH->LHR,BAW719
,,BA0720,LHR->ZRH,"BAW720T, BAW720"
,Geneva,BA0721,GVA->LHR,"BAW72G, BAW721"
,,BA0722,LHR->GVA,"BAW722P, BAW722"
,,BA0723,GVA->LHR,"BAW7WN, BAW723"
,,BA0724,LHR->GVA,"BAW72J, BAW724"
,,BA0725,GVA->LHR,BAW725
,,BA0726,LHR->GVA,"BAW726P, BAW726"
,,BA0727,GVA->LHR,"BAW727G, BAW727"
,,BA0728,LHR->GVA,"BAW78H, BAW78G, BAW728"
,,BA0729,GVA->LHR,BAW729
,,BA0730,LHR->GVA,"BAW7GV, BAW730"
,,BA0731,GVA->LHR,"BAW731W, BAW731"
,,BA0732,LHR->GVA,BAW732
,,BA0733,GVA->LHR,"BAW733C, BAW733"
,,BA0734,LHR->GVA,"BAW73RP, BAW734"
,,BA0735,GVA->LHR,"BAW7Q, BAW735"
,,BA0736,LHR->GVA,BAW736
,,BA0737,GVA->LHR,"BAW737, BAW73V"
,,BA0738,LHR->GVA,BAW738
,,BA0740,LHR->GVA,BAW740
,,BA0741,GVA->LHR,BAW741
,,BA0742,LHR->GVA,"BAW742S, BAW742"
,,BA0743,GVA->LHR,"BAW743U, BAW743"
,Zurich,BA0744,LHR->ZRH,BAW744
,,BA0745,ZRH->LHR,BAW745
France,Mulhouse,BA0749,BSL->LHR,"BAW76GF, BAW749"
,,BA0750,LHR->BSL,"BAW750P, BAW750"
,,BA0751,BSL->LHR,BAW751
,,BA0752,LHR->BSL,"BAW752B, BAW752"
,,BA0753,BSL->LHR,"BAW73B, BAW753"
,,BA0754,LHR->BSL,"BAW75C, BAW75CC, BAW754"
,,BA0755,BSL->LHR,"BAW5KC, BAW755, BAW75C"
,,BA0756,LHR->BSL,BAW756
Norway,Oslo,BA0761,OSL->LHR,BAW761
,,BA0762,LHR->OSL,"BAW8VK, BAW762"
,,BA0763,OSL->LHR,"BAW7PI, BAW763"
Austria,Innsbruck,BA0764,LHR->INN,BAW764
,,BA0765,INN->LHR,BAW765
Norway,Oslo,BA0766,LHR->OSL,BAW766
,,BA0767,OSL->LHR,"BAW767, BAW767V, BAW885R"
,,BA0768,LHR->OSL,BAW4VK
,,BA0769,OSL->LHR,"BAW76M, BAW769"
,,BA0770,LHR->OSL,BAW6VK
Sweden,Stockholm,BA0771,ARN->LHR,"BAW771, BAW771C"
Switzerland,Zurich,BA0772,LHR->ZRH,BAW772
,,BA0773,ZRH->LHR,BAW773
Sweden,Stockholm,BA0776,LHR->ARN,"BAW776F, FIN776"
,,BA0777,ARN->LHR,"BAW777C, FIN777"
,,BA0778,LHR->ARN,"BAW778F, BAW778"
,,BA0779,ARN->LHR,"BAW779C, BAW779"
,,BA0780,LHR->ARN,"BAW780F, BAW780"
,,BA0781,ARN->LHR,"BAW781C, BAW781, FIN781"
,,BA0782,LHR->ARN,"BAW782F, BAW782"
,,BA0783,ARN->LHR,"BAW783C, BAW783"
,,BA0784,LHR->ARN,"BAW784F, BAW784"
,,BA0786,LHR->ARN,"BAW786F, BAW786"
Switzerland,Geneva,BA0787,GVA->LHR,BAW787
,,BA0788,LHR->GVA,BAW788
Sweden,Gothenborg,BA0790,LHR->GOT,BAW790
,,BA0791,GOT->LHR,BAW791G
,,BA0792,LHR->GOT,BAW792
,,BA0793,GOT->LHR,BAW793
Switzerland,Geneva,BA0796,LHR->GVA,"BAW796K, BAW796"
,,BA0797,GVA->LHR,"BAW797G, BAW797"
,,BA0798,LHR->GVA,BAW798
,,BA0799,GVA->LHR,BAW799
Sweden,Gothenborg,BA0802,LHR->GOT,"BAW802, BAW8GT"
,,BA0803,GOT->LHR,"BAW8YP, BAW803"
Denmark,Copenhagen,BA0804,LHR->CPH,"BAW90BG, BAW804"
,,BA0805,CPH->LHR,BAW805
,Billund,BA0806,LHR->BLL,"BAW86LG, BAW806"
,,BA0807,BLL->LHR,"BAW807K, BAW807"
,Copenhagen,BA0808,LHR->CPH,"BAW808C, BAW808, FIN808"
,,BA0809,CPH->LHR,"BAW80W, BAW809, FIN809"
,,BA0811,CPH->LHR,BAW811
,,BA0812,LHR->CPH,BAW812
,,BA0813,CPH->LHR,"BAW813C, BAW813"
,,BA0814,LHR->CPH,"BAW814L, BAW814"
,,BA0815,CPH->LHR,"BAW815C, BAW815"
,,BA0816,LHR->CPH,BAW816
,,BA0817,CPH->LHR,BAW817
,,BA0818,LHR->CPH,"BAW8TD, BAW818"
,,BA0819,CPH->LHR,BAW819K
,,BA0820,LHR->CPH,BAW820
,,BA0822,LHR->CPH,BAW822
Ireland,Dublin,BA0824,LHR->DUB,"BAW82DM, BAW824"
,,BA0826,LHR->DUB,"BAW826Q, BAW826"
,,BA0827,DUB->LHR,"BAW42DB, BAW827"
,,BA0828,LHR->DUB,"BAW828Y, BAW828"
,,BA0829,DUB->LHR,"BAW8ER, BAW829"
,,BA0830,LHR->DUB,"BAW830D, BAW830"
,,BA0831,DUB->LHR,"BAW831S, BAW831"
,,BA0832,LHR->DUB,"BAW84W, BAW832"
,,BA0833,DUB->LHR,"BAW38DB, BAW833"
,,BA0834,LHR->DUB,BAW834
,,BA0835,DUB->LHR,"BAW835W, BAW835"
,,BA0836,LHR->DUB,"BAW84DM, BAW836"
,,BA0837,DUB->LHR,"BAW8X, BAW837"
,,BA0838,LHR->DUB,"BAW85Q, BAW838"
,,BA0839,DUB->LHR,"BAW83DG, BAW839"
Poland,Warsaw,BA0842,LHR->WAW,BAW842
,,BA0843,WAW->LHR,BAW843
Ireland,Dublin,BA0845,DUB->LHR,"BAW845D, BAW845"
Poland,Warsaw,BA0846,LHR->WAW,"BAW846W, BAW846"
,,BA0847,WAW->LHR,"BAW847, FIN84NT"
Croatia,Zagreb,BA0848,LHR->ZAG,"BAW48G, BAW848"
,,BA0849,ZAG->LHR,"BAW85GA, BAW849"
Poland,Warsaw,BA0850,LHR->WAW,"BAW850T, BAW850, FIN850"
,,BA0851,WAW->LHR,"BAW851W, BAW851, FIN851"
Czech Republic,Prague,BA0852,LHR->PRG,BAW852
,,BA0853,PRG->LHR,"BAW853S, BAW853"
,,BA0854,LHR->PRG,"BAW8NG, BAW854"
,,BA0855,PRG->LHR,"BAW85U, BAW855"
,,BA0856,LHR->PRG,"BAW856Z, BAW856"
,,BA0857,PRG->LHR,"BAW34V, BAW857"
,,BA0858,LHR->PRG,BAW858
,,BA0859,PRG->LHR,"BAW859P, BAW859"
,,BA0860,LHR->PRG,"BAW860J, BAW860"
,,BA0861,PRG->LHR,"BAW86S, BAW861"
Hungary,Budapest,BA0864,LHR->BUD,BAW864
,,BA0865,BUD->LHR,"BAW16HV, BAW865"
,,BA0866,LHR->BUD,"BAW866H, BAW866"
,,BA0867,BUD->LHR,"BAW12DT, BAW867"
,,BA0868,LHR->BUD,"BAW68H, BAW868"
,,BA0869,BUD->LHR,"BAW869, BAW68H"
,,BA0870,LHR->BUD,BAW870
,,BA0871,BUD->LHR,BAW871
Poland,Krakow,BA0872,LHR->KRK,"BAW12P, BAW872"
,,BA0873,KRK->LHR,"BAW8TK, BAW873"
,Warsaw,BA0878,LHR->WAW,"BAW8LV, BAW878"
,,BA0879,WAW->LHR,"BAW87B, BAW879"
Latvia,Riga,BA0880,LHR->RIX,BAW880
,,BA0881,RIX->LHR,BAW881
Romania,Bucharest,BA0884,LHR->OTP,"BAW84KV, BAW884"
,,BA0885,OTP->LHR,"BAW885R, BAW885"
,,BA0886,LHR->OTP,"BAW886Q, BAW886"
,,BA0887,OTP->LHR,"BAW8TP, BAW887"
Serbia,Belgrade,BA0888,LHR->BEG,BAW8GB
,,BA0889,BEG->LHR,"BAW89EG, BAW889"
Bulgaria,Sofia,BA0890,LHR->SOF,BAW890
,,BA0891,SOF->LHR,"BAW91BG, BAW891"
Iceland,Keflavik,BA0894,LHR->KEF,BAW894
,,BA0895,KEF->LHR,BAW895
,,BA0896,LHR->KEF,BAW896
,,BA0897,KEF->LHR,BAW897
Germany,Frankfurt,BA0901,FRA->LHR,"BAW901U, BAW901"
,,BA0902,LHR->FRA,"BAW902N, BAW902"
,,BA0903,FRA->LHR,"BAW903U, BAW903"
,,BA0904,LHR->FRA,"BAW904N, BAW904"
,,BA0905,FRA->LHR,"BAW905U, BAW905"
,,BA0906,LHR->FRA,BAW906N
,,BA0907,FRA->LHR,BAW907U
,,BA0908,LHR->FRA,"BAW908N, BAW908"
,,BA0909,FRA->LHR,"BAW909U, BAW909"
,,BA0910,LHR->FRA,"BAW910N, BAW910"
,,BA0911,FRA->LHR,"BAW911U, BAW911"
,,BA0912,LHR->FRA,"BAW912N, BAW912"
,,BA0913,FRA->LHR,"BAW913, BAW913U"
,,BA0914,LHR->FRA,"BAW914N, BAW914"
,,BA0915,FRA->LHR,"BAW915U, BAW915"
,,BA0916,LHR->FRA,"BAW916N, BAW916"
,Stuttgart,BA0917,STR->LHR,BAW917
,,BA0918,LHR->STR,"BAW918S, BAW918"
,,BA0919,STR->LHR,"BAW3HK, BAW919"
,,BA0920,LHR->STR,"BAW920X, BAW920"
,,BA0922,LHR->STR,"BAW92RU, BAW922"
,,BA0923,STR->LHR,"BAW923Y, BAW923"
,Nuernberg,BA0924,LHR->NUE,"BAW9JA, BAW924"
,,BA0925,NUE->LHR,"BAW925, BAW95T"
,Munich,BA0926,LHR->MUC,"BAW926M, BAW926"
,,BA0927,MUC->LHR,"BAW927L, BAW927"
,Nuernberg,BA0930,LHR->NUE,BAW930
,,BA0931,NUE->LHR,BAW931
,Duesseldorf,BA0932,LHR->DUS,BAW932
,,BA0933,DUS->LHR,"BAW6DU, BAW933"
,,BA0935,DUS->LHR,"BAW9WQ, BAW935"
,,BA0936,LHR->DUS,BAW936
,,BA0937,DUS->LHR,"BAW97FV, BAW937"
,,BA0938,LHR->DUS,BAW938
,,BA0939,DUS->LHR,"BAW3XA, BAW939"
,,BA0940,LHR->DUS,BAW940
,,BA0941,DUS->LHR,"BAW1DL, BAW941"
,,BA0942,LHR->DUS,BAW2LT
,,BA0943,DUS->LHR,BAW3DL
,,BA0944,LHR->DUS,BAW4LT
,,BA0945,DUS->LHR,BAW5DL
,,BA0946,LHR->DUS,BAW946
,Munich,BA0947,MUC->LHR,"BAW947L, BAW947"
,,BA0948,LHR->MUC,"BAW948M, BAW948"
,,BA0949,MUC->LHR,"BAW949L, BAW949"
,,BA0950,LHR->MUC,"BAW950M, BAW950"
,,BA0951,MUC->LHR,"BAW951L, BAW951"
,,BA0952,LHR->MUC,"BAW952, BAW952M"
,,BA0953,MUC->LHR,"BAW953L, BAW953"
,,BA0954,LHR->MUC,"BAW954M, BAW954"
,,BA0955,MUC->LHR,"BAW955L, BAW955"
,Hannover,BA0956,LHR->HAJ,BAW956
,,BA0957,HAJ->LHR,BAW957
,Munich,BA0958,LHR->MUC,"BAW958M, BAW958"
,,BA0960,LHR->MUC,"BAW960M, BAW960, FIN960"
,,BA0961,MUC->LHR,"BAW961, BAW961L"
,Hamburg,BA0962,LHR->HAM,"BAW962H, BAW962"
,,BA0963,HAM->LHR,"BAW963C, BAW963"
,,BA0964,LHR->HAM,"BAW964H, BAW964"
,,BA0965,HAM->LHR,BAW965
,,BA0966,LHR->HAM,"BAW96E, BAW966"
,,BA0967,HAM->LHR,"BAW967, BAW94HG"
,,BA0969,HAM->LHR,"BAW969H, BAW969"
,,BA0972,LHR->HAM,BAW972
,,BA0974,LHR->HAM,BAW974
,,BA0975,HAM->LHR,"BAW975H, BAW975"
,Hannover,BA0976,LHR->HAJ,"BAW976K, BAW976"
,,BA0977,HAJ->LHR,"BAW977J, BAW977"
,,BA0978,LHR->HAJ,"BAW978J, BAW978"
,,BA0979,HAJ->LHR,"BAW97DV, BAW979"
,Berlin,BA0981,BER->LHR,"BAW4CB, BAW981"
,,BA0982,LHR->BER,BAW982
,,BA0983,BER->LHR,BAW983
,,BA0984,LHR->BER,BAW984
,,BA0985,BER->LHR,"BAW98BL, BAW985"
,,BA0986,LHR->BER,"FIN986G, BAW986"
,,BA0987,BER->LHR,"FIN87AM, BAW987"
,,BA0988,LHR->BER,BAW988
,,BA0990,LHR->BER,BAW990
,,BA0991,BER->LHR,"BAW91J, BAW991"
,,BA0992,LHR->BER,"BAW992G, BAW992"
,,BA0993,BER->LHR,"BAW8RM, BAW993"
,,BA0994,LHR->BER,"BAW994G, BAW994"
,,BA0995,BER->LHR,"BAW9GM, BAW995"
,Cologne,BA0996,LHR->CGN,BAW996
,,BA0997,CGN->LHR,BAW997
,,BA0998,LHR->CGN,BAW998
,,BA0999,CGN->LHR,BAW999
Other LHR Services
Country,City,Flight,Route,Call Signs
LHR Domestic Services
Country,City,Flight,Route,Call Signs
United Kingdom,Aberdeen,BA1301,ABZ->LHR,"SHT19S, BAW1301"
,,BA1303,ABZ->LHR,"SHT19N, BAW1303"
,,BA1304,LHR->ABZ,"SHT18Z, BAW1304"
,,BA1305,ABZ->LHR,"SHT19U, BAW1305"
,,BA1306,LHR->ABZ,"SHT18A, BAW1306"
,,BA1307,ABZ->LHR,"SHT19M, BAW1307, SHT119M"
,,BA1308,LHR->ABZ,"SHT18C, BAW1308"
,,BA1309,ABZ->LHR,"SHT19A, BAW1309"
,,BA1310,LHR->ABZ,"SHT18D, BAW1310"
,,BA1311,ABZ->LHR,"SHT19P, BAW1311"
,,BA1312,LHR->ABZ,"SHT18F, BAW1312"
,,BA1313,ABZ->LHR,"SHT19T, BAW1313"
,,BA1314,LHR->ABZ,"SHT18V, BAW1314"
,,BA1315,ABZ->LHR,"SHT19B, BAW1315"
,,BA1316,LHR->ABZ,"SHT18E, BAW1316"
,,BA1317,ABZ->LHR,"SHT19G, BAW1317"
,,BA1318,LHR->ABZ,"SHT18H, BAW1318"
,Newcastle,BA1321,NCL->LHR,"SHT13C, BAW1321"
,,BA1324,LHR->NCL,"SHT12K, BAW1324"
,,BA1325,NCL->LHR,"BAW1325, SHT13E"
,,BA1326,LHR->NCL,"SHT12H, BAW1326"
,,BA1327,NCL->LHR,"BAW1327, SHT13H"
,,BA1328,LHR->NCL,"SHT12W, BAW1328, SHT12P"
,,BA1329,NCL->LHR,"SHT13W, BAW1329"
,,BA1331,->,SUS1331
,,BA1332,->AGB,SUS1332
United Kingdom,Newcastle,BA1334,LHR->NCL,"SHT12Z, BAW1334"
,,BA1335,NCL->LHR,"SHT13K, BAW1335"
,,BA1336,LHR->NCL,"BAW1336, SHT12Q"
,,BA1337,NCL->LHR,"SHT13L, BAW1337"
,,BA1338,LHR->NCL,"BAW1338, SHT12T"
Jersey,Jersey,BA1339,JER->LHR,"SHT15A, BAW1339"
,,BA1340,LHR->JER,"SHT14G, BAW1340"
,,BA1341,JER->LHR,"SHT15B, BAW1341"
,,BA1344,LHR->JER,"SHT14H, BAW1344"
,,BA1345,JER->LHR,"BAW1345, SHT15C, SHT5C"
,,BA1346,LHR->JER,"SHT14K, BAW1346"
,,BA1347,JER->LHR,"SHT15D, BAW1347"
,,BA1348,LHR->JER,"SHT14L, BAW1348"
,,BA1349,JER->LHR,"SHT15E, BAW1349"
,,BA1352,LHR->JER,"SHT14M, BAW1352"
United Kingdom,Manchester,BA1370,LHR->MAN,"SHT2L, BAW1370"
,,BA1371,MAN->LHR,"SHT3G, BAW1371"
,,BA1372,LHR->MAN,SHT2N
,,BA1373,MAN->LHR,SHT3H
,,BA1386,LHR->MAN,"SHT2J, BAW1386"
,,BA1387,MAN->LHR,"SHT3P, BAW1387"
,,BA1388,LHR->MAN,"SHT2M, BAW1388"
,,BA1389,MAN->LHR,"SHT3R, BAW1389"
,,BA1390,LHR->MAN,"SHT2Q, BAW1390"
,,BA1391,MAN->LHR,"SHT3U, BAW1391"
,,BA1393,MAN->LHR,"SHT3X, BAW1393"
,,BA1394,LHR->MAN,"BAW1394, SHT2V"
,,BA1396,LHR->MAN,"SHT2P, BAW1396"
,,BA1398,LHR->MAN,"SHT2G, BAW1398"
,,BA1399,MAN->LHR,"SHT3L, BAW1399"
,,BA1402,LHR->MAN,"SHT2K, BAW1402"
,,BA1403,MAN->LHR,"SHT3V, BAW1403"
,,BA1405,MAN->LHR,"SHT3T, BAW1405"
,Belfast,BA1414,LHR->BHD,"SHT4A, BAW1414"
,,BA1416,LHR->BHD,"SHT4B, BAW1416"
,,BA1417,BHD->LHR,"SHT5X, BAW1417"
,,BA1418,LHR->BHD,"SHT4C, BAW1418"
,,BA1419,BHD->LHR,"SHT5W, BAW1419"
,,BA1420,LHR->BHD,"SHT4D, BAW1420"
,,BA1421,BHD->LHR,"SHT5V, BAW1421"
,,BA1422,LHR->BHD,"BAW1422, SHT4E"
,,BA1423,BHD->LHR,"SHT5U, BAW1423"
,,BA1428,LHR->BHD,"SHT4G, BAW1428"
,,BA1429,BHD->LHR,"SHT5F, BAW1429"
,,BA1431,BHD->LHR,"SHT5P, BAW1431"
,Edinburgh,BA1432,LHR->EDI,"SHT8B, BAW1432"
,,BA1433,EDI->LHR,"SHT9T, BAW1433"
,,BA1434,LHR->EDI,"BAW1434, SHT8F"
,,BA1435,EDI->LHR,"SHT9U, BAW1435"
,,BA1436,LHR->EDI,"SHT8T, BAW1436"
,,BA1437,EDI->LHR,"SHT9W, BAW1437"
,,BA1438,LHR->EDI,"SHT8K, BAW1438"
,,BA1439,EDI->LHR,"SHT9A, BAW1439"
,,BA1440,LHR->EDI,"SHT8G, BAW1440"
,,BA1441,EDI->LHR,"SHT9Z, BAW1441"
,,BA1442,LHR->EDI,"SHT8R, BAW1442"
,,BA1443,EDI->LHR,"SHT9B, BAW1443"
,,BA1444,LHR->EDI,"SHT8W, BAW1444"
,,BA1445,EDI->LHR,"SHT9J, BAW1445"
,,BA1446,LHR->EDI,"SHT8Y, BAW1446"
,,BA1447,EDI->LHR,"SHT9G, BAW1447"
,,BA1448,LHR->EDI,"SHT8A, BAW1448"
,,BA1449,EDI->LHR,"BAW1449, SHT9K"
,,BA1452,LHR->EDI,"SHT8U, BAW1452"
,,BA1454,LHR->EDI,"BAW1454, SHT8H"
,,BA1455,EDI->LHR,"SHT9D, BAW1455"
,,BA1456,LHR->EDI,"SHT8Q, BAW1456"
,,BA1457,EDI->LHR,"SHT9Q, BAW1457"
,,BA1459,EDI->LHR,"SHT9Y, BAW1459"
,,BA1464,LHR->EDI,"SHT8S, BAW1464"
,Inverness,BA1468,LHR->INV,"SHT16E, BAW1468"
,,BA1469,INV->LHR,"SHT17Y, BAW1469"
,Glasgow,BA1472,LHR->GLA,"BAW1472, SHT6C"
,,BA1473,GLA->LHR,SHT7R
,,BA1474,LHR->GLA,"SHT6G, BAW1474"
,,BA1475,GLA->LHR,"SHT7S, BAW1475"
,,BA1476,LHR->GLA,"SHT6L, BAW1476"
,,BA1477,GLA->LHR,"SHT7T, BAW1477"
,,BA1478,LHR->GLA,"BAW1478, SHT6N"
,,BA1479,GLA->LHR,"SHT7C, BAW1479"
,,BA1480,LGW->GLA,"SHT6V, BAW1480"
,,BA1481,GLA->LGW,"BAW1481, SHT7N"
,,BA1482,LHR->GLA,"SHT6T, BAW1482"
,,BA1483,GLA->LHR,"BAW1483, SHT7Z"
,,BA1484,LHR->GLA,"SHT6Y, BAW1484"
,,BA1486,LHR->GLA,"SHT6E, BAW1486"
,,BA1487,GLA->LHR,"SHT7H, BAW1487"
,,BA1488,LHR->GLA,"SHT6F, BAW1488"
,,BA1489,GLA->LHR,"SHT7P, BAW1489"
,,BA1491,GLA->LHR,SHT7J
,,BA1492,LHR->GLA,"SHT6J, BAW1492"
,,BA1493,GLA->LHR,"SHT7U, BAW1493"
,,BA1494,LHR->GLA,"BAW1494, SHT6M"
,,BA1495,GLA->LHR,"SHT7X, BAW1495"
,,BA1497,GLA->LHR,"SHT7A, BAW1497"
,,BA1498,LHR->GLA,"SHT6U, BAW1498"
,,BA1499,GLA->LHR,"SHT7B, BAW1499"
LGW Services
Country,City,Flight,Route,Call Signs
Qatar,Doha,BA2032,DOH->LGW,BAW2032
,,BA2033,LGW->DOH,BAW2033
United States,Orlando,BA2036,MCO->LGW,"BAW63H, BAW2036"
,,BA2037,LGW->MCO,"BAW43C, BAW2037"
South Africa,Cape Town,BA2040,CPT->LGW,BAW2040
,,BA2041,LGW->CPT,BAW2041
Mauritius,Plaisance,BA2064,MRU->LGW,BAW2064
,,BA2065,LGW->MRU,BAW2065
Ghana,Accra,BA2066,ACC->LGW,BAW2066
,,BA2067,LGW->ACC,BAW2067
Barbados,Bridgetown,BA2154,BGI->LGW,"BAW214B, BAW2154"
,,BA2155,LGW->BGI,BAW2155
Antigua and Barbuda,Antigua,BA2156,ANU->LGW,"BAW16PA, BAW2156"
,,BA2157,LGW->ANU,"BAW17PA, BAW2157"
Saint Lucia,Hewandorra,BA2158,UVF->LGW,"BAW5KW, BAW2158"
,,BA2159,LGW->UVF,"BAW9VA, BAW2159"
United States,Tampa,BA2166,TPA->LGW,"BAW12TB, BAW2166"
,,BA2167,LGW->TPA,"BAW12J, BAW2167"
Mexico,Cancun,BA2200,CUN->LGW,BAW2200
,,BA2202,CUN->LGW,BAW2202
,,BA2203,LGW->CUN,BAW2203
Dominican Republic,Punta Cana,BA2204,PUJ->LGW,BAW2204
,,BA2205,LGW->PUJ,"BAW22G, BAW2205"
United Kingdom,Edinburgh,BA2217,EDI->LCY,CFE2217
United States,Dallas-Fort Worth,BA2224,DFW->MSY,AAL2224
Costa Rica,San Jose,BA2236,SJO->LGW,BAW2236
,,BA2237,LGW->SJO,BAW2237
Trinidad and Tobago,Port-of-spain,BA2238,POS->LGW,BAW2238
,,BA2239,LGW->POS,BAW2239
Antigua and Barbuda,Antigua,BA2256,ANU->LGW,BAW2256
Jamaica,Kingston,BA2262,KIN->LGW,BAW25K
,,BA2263,LGW->KIN,"BAW23K, BAW2263"
United States,New York,BA2272,JFK->LGW,BAW2JA
,,BA2273,LGW->JFK,BAW2273
Switzerland,Geneva,BA2280,GVA->LCY,"CFE6GK, CFE2280"
,,BA2281,LCY->GVA,"CFE1AM, CFE2281"
,,BA2283,LCY->GVA,"CFE2283, CFE28A"
,,BA2284,GVA->LCY,CFE2284
,,BA2286,GVA->LCY,CFE2286
,,BA2287,LCY->GVA,"CFE5VZ, CFE2287"
France,Chambery,BA2340,CMF->EDI,CFE2340
United Kingdom,Edinburgh,BA2341,EDI->CMF,CFE2341
Netherlands,Amsterdam,BA2540,LGW->AMS,"EFW72R, EFW2540"
,,BA2541,AMS->LGW,"EFW89S, EFW2541"
,,BA2542,LGW->AMS,"EFW2542, EFW88K, EFW89S"
,,BA2543,AMS->LGW,"EFW52K, EFW2543"
,,BA2544,LGW->AMS,"EFW99F, EFW2544"
,,BA2545,AMS->LGW,"EFW38J, EFW2545"
,,BA2546,LGW->AMS,"EFW75D, EFW2546"
,,BA2547,AMS->LGW,"EFW2547, EFW64M"
Switzerland,Geneva,BA2550,LGW->GVA,"EFW45P, EFW2550"
,,BA2551,GVA->LGW,"EFW62P, EFW2551, EFW88K"
,,BA2552,LGW->GVA,"EFW4SJ, EFW2552"
,,BA2553,GVA->LGW,"EFW45D, EFW2553"
,,BA2554,LGW->GVA,"EFW79T, EFW2554"
,,BA2555,GVA->LGW,"EFW85W, EFW2555"
,,BA2556,LGW->GVA,EFW37G
,,BA2557,GVA->LGW,"EFW8TT, EFW2557"
,,BA2558,LGW->GVA,"EFW55K, EFW9BB, EFW2558"
,,BA2559,GVA->LGW,"EFW9BB, EFW2559"
,,BA2560,LGW->GVA,"EFW38W, EFW2560"
,,BA2561,GVA->LGW,"EFW4EE, EFW2561"
,,BA2562,LGW->GVA,EFW58U
,,BA2563,GVA->LGW,"EFW7UU, EFW2563"
,,BA2564,LGW->GVA,"EFW69F, EFW2564"
,,BA2565,GVA->LGW,"EFW3CC, EFW2565"
France,Bordeaux,BA2570,LGW->BOD,"EFW2570, EFW43G"
,,BA2571,BOD->LGW,"EFW65V, EFW2571"
,Nice,BA2574,LGW->NCE,"EFW5ZL, EFW2574"
,,BA2575,NCE->LGW,"EFW77I, EFW2575"
,Lyon,BA2580,LGW->LYS,"EFW79N, EFW2580"
,,BA2581,LYS->LGW,"EFW39T, EFW2581"
,,BA2582,LGW->LYS,"EFW72V, EFW2582"
,,BA2583,LYS->LGW,EFW87G
Italy,Villafranca,BA2590,LGW->VRN,"EFW54U, EFW2590"
,,BA2591,VRN->LGW,"EFW4TM, EFW2591"
,,BA2592,LGW->VRN,"EFW76T, EFW86X, EFW2592"
,,BA2593,VRN->LGW,"EFW86X, EFW2593"
,Torino,BA2594,LGW->TRN,"EFW57Z, EFW40R, EFW2594"
,,BA2595,TRN->LGW,EFW44G
,,BA2596,LGW->TRN,"EFW45Y, EFW2596"
,,BA2597,TRN->LGW,"EFW57G, EFW2597"
,,BA2598,LGW->TRN,"EFW97H, EFW2598"
,,BA2599,TRN->LGW,"EFW79U, EFW2599"
Malta,Malta,BA2614,LGW->MLA,"EFW87W, EFW2614"
,,BA2615,MLA->LGW,"EFW42N, EFW2615"
Austria,Innsbruck,BA2620,LGW->INN,"EFW2620, EFW82B"
,,BA2621,INN->LGW,"EFW93L, EFW2621"
,,BA2622,LGW->INN,"EFW54Z, EFW2622"
,,BA2623,INN->LGW,"EFW2623, EFW57Y"
,Salzburg,BA2624,LGW->SZG,"EFW96U, EFW2624"
,,BA2625,SZG->LGW,"EFW42Z, EFW2625"
,,BA2626,LGW->SZG,"EFW64F, EFW2626"
,,BA2627,SZG->LGW,"EFW44A, EFW2627"
,,BA2628,LGW->SZG,"EFW72E, EFW2628"
,,BA2629,SZG->LGW,"EFW65T, EFW2629"
,,BA2630,LGW->SZG,EFW68B
,,BA2631,SZG->LGW,EFW43K
,,BA2632,LGW->SZG,"EFW39D, EFW2632"
,,BA2633,SZG->LGW,"EFW56K, EFW2633"
Spain,Malaga,BA2640,LGW->AGP,"EFW92L, EFW2640"
,,BA2641,AGP->LGW,"EFW4GG, EFW2641"
,,BA2642,LGW->AGP,"EFW50U, EFW2642"
,,BA2643,AGP->LGW,"EFW93E, EFW2643"
,Sevilla,BA2650,LGW->SVQ,"EFW9LG, EFW2650"
,,BA2651,SVQ->LGW,"EFW86S, EFW2651"
,Alicante,BA2654,LGW->ALC,"EFW49S, EFW2654"
,,BA2655,ALC->LGW,"EFW2655, EFW96T"
,,BA2656,LGW->ALC,"EFW4LD, EFW2656"
,,BA2657,ALC->LGW,EFW48J
Portugal,Faro,BA2660,LGW->FAO,"EFW97D, EFW2660"
,,BA2661,FAO->LGW,"EFW40R, EFW2661"
,,BA2662,LGW->FAO,"EFW69B, EFW2662"
,,BA2663,FAO->LGW,"EFW64R, EFW2663"
,Porto,BA2666,LGW->OPO,"EFW77C, EFW2666"
,,BA2667,OPO->LGW,"EFW95B, EFW2667"
Spain,Palma de Mallorca,BA2670,LGW->PMI,"EFW9XT, EFW2670"
,,BA2671,PMI->LGW,"EFW4XV, EFW2671"
,Tenerife,BA2700,LGW->TFS,"EFW70X, EFW2700"
,,BA2701,TFS->LGW,"EFW4BK, EFW2701, EFW49K"
,,BA2702,LGW->TFS,"EFW82Y, EFW2702"
,,BA2703,TFS->LGW,"EFW2703, EFW78F"
,Arrecife,BA2704,LGW->ACE,"EFW75S, EFW2704"
,,BA2705,ACE->LGW,"EFW87V, EFW2705"
,Gran Canaria,BA2706,LGW->LPA,"EFW42K, EFW2706"
,,BA2707,LPA->LGW,"EFW47F, EFW2707"
,Fuerteventura,BA2710,LGW->FUE,"EFW75A, EFW53L"
,,BA2711,FUE->LGW,"EFW53L, EFW2711"
Cyprus,Paphos,BA2780,LGW->PFO,EFW78S
,,BA2781,PFO->LGW,"EFW55U, EFW2781"
Morocco,Marrakech,BA2810,LGW->RAK,"EFW80L, EFW2810"
,,BA2811,RAK->LGW,"EFW49H, EFW2811"
,,BA2812,LGW->RAK,EFW84H
,,BA2813,RAK->LGW,"EFW45N, EFW2813"
Egypt,Sharm El Sheikh,BA2814,LGW->SSH,"EFW38H, EFW2814"
,,BA2815,SSH->LGW,"EFW72Z, EFW2815"
Algeria,Algier,BA2816,LGW->ALG,EFW2816
,,BA2817,ALG->LGW,EFW2817
Southampton Services
Country,City,Flight,Route,Call Signs
United Kingdom,Edinburgh,BA2900,SOU->EDI,CFE2900
France,Chambery,BA2935,SOU->CMF,CFE2935
,,BA2936,CMF->SOU,CFE2936
United Kingdom,Edinburgh,BA2939,EDI->SOU,CFE2939
LCY Services
Country,City,Flight,Route,Call Signs
Germany,Duesseldorf,BA3270,DUS->LCY,CFE3270
,,BA3271,LCY->DUS,CFE1JB
,,BA3272,DUS->LCY,CFE3272
,,BA3273,LCY->DUS,"CFE1DB, CFE3273"
,,BA3274,DUS->LCY,"CFE21U, CFE3274"
,,BA3275,LCY->DUS,CFE3275
,,BA3276,DUS->LCY,"CFE75J, CFE3276"
,,BA3277,LCY->DUS,"CFE39P, CFE3277"
Italy,Florence,BA3279,LCY->FLR,"CFE3279, CFE56D"
,,BA3280,FLR->LCY,"CFE80NJ, CFE3280"
Temporary Services
Country,City,Flight,Route,Call Signs
United States,Dallas-Fort Worth,BA3548,DFW->GPT,ENY3548
Qatar,Doha,BA3599,DOH->LHR,BAW3599
United States,Shreveport,BA3861,SHV->DFW,ENY3861
,Miami,BA4052,MIA->MCI,ENY4052
,New Orleans,BA4170,MSY->MIA,ENY4170
Netherlands,Rotterdam,BA4450,RTM->LCY,CFE4450
,,BA4451,LCY->RTM,"CFE51PG, CFE4451"
,,BA4452,RTM->LCY,CFE4452
,,BA4453,LCY->RTM,"CFE4GA, CFE4453"
,,BA4454,RTM->LCY,"CFE40JP, CFE4454"
,,BA4455,LCY->RTM,CFE7LM
,,BA4456,RTM->LCY,"CFE3EW, CFE4456"
,,BA4457,LCY->RTM,"CFE59U, CFE4457"
,,BA4458,RTM->LCY,"CFE57H, CFE4458"
,,BA4459,LCY->RTM,"CFE43Y, CFE4459"
Ireland,Dublin,BA4460,LCY->DUB,"CFE9FB, CFE4460"
,,BA4461,DUB->LCY,"CFE77C, CFE4461"
,,BA4462,LCY->DUB,CFE91C
,,BA4463,DUB->LCY,"CFE4463, CFE48D"
,,BA4464,LCY->DUB,"CFE95E, CFE4464"
,,BA4465,DUB->LCY,"CFE9KJ, CFE4465"
,,BA4466,LCY->DUB,"CFE1JC, CFE4466"
,,BA4467,DUB->LCY,CFE4467
,,BA4468,LCY->DUB,"CFE4468, CFE37E"
,,BA4469,DUB->LCY,CFE9AJ
,,BA4470,LCY->DUB,CFE4470
,,BA4471,DUB->LCY,CFE4471
,,BA4472,LCY->DUB,CFE4472
,,BA4473,DUB->LCY,"CFE1RP, CFE4473"
United States,Dallas-Fort Worth,BA5557,DFW->SHV,JIA5557
,Shreveport,BA5618,SHV->DFW,JIA5618
Italy,Milan,BA5629,LHR->LIN,"BAW5629, BAW588L"
,,BA5630,LIN->LHR,"BAW5630, BAW14GM"
BA operated by Comair Services
Country,City,Flight,Route,Call Signs
More Temporary Services
Country,City,Flight,Route,Call Signs
CityFlyer Services
Country,City,Flight,Route,Call Signs
,Florence,BA7021,LCY->FLR,"CFE82DC, CFE7021"
,,BA7022,FLR->LCY,CFE7022
Germany,Berlin,BA7026,BER->LCY,CFE7026
,,BA7027,LCY->BER,CFE7027
Italy,Milan,BA7301,LCY->LIN,"CFE13Y, CFE7301"
,,BA7302,LIN->LCY,"CFE49G, CFE7302"
,,BA7303,LCY->LIN,CFE7303
,,BA7304,LIN->LCY,CFE7304
Spain,San Sebastian,BA7334,EAS->LCY,CFE7334
,,BA7335,LCY->EAS,CFE73W
Czech Republic,Prague,BA7338,PRG->LCY,"CFE46X, CFE7338"
,,BA7339,LCY->PRG,"CFE9MY, CFE7339"
LGW Short Haul Services
Country,City,Flight,Route,Call Signs
Denmark,Billund,BA8201,BLL->DUS,"SUS8201, SUS1D"
Germany,Duesseldorf,BA8202,DUS->BLL,"SUS8202, SUS2D"
Denmark,Billund,BA8203,BLL->DUS,SUS3D
Germany,Duesseldorf,BA8204,DUS->BLL,SUS4D
Denmark,Billund,BA8209,BLL->LCY,SUS8209
,,BA8210,LCY->BLL,SUS8210
,,BA8211,BLL->LCY,SUS8211
,,BA8212,LCY->BLL,SUS8212
Sweden,Gothenborg,BA8233,GOT->CBG,SUS8233
United Kingdom,Cambridge,BA8234,CBG->GOT,SUS8234
Sweden,Gothenborg,BA8237,GOT->CBG,SUS8237
United Kingdom,Cambridge,BA8238,CBG->GOT,SUS8238
Denmark,Billund,BA8245,BLL->MAN,"SUS8245, SUS45U"
United Kingdom,Manchester,BA8246,MAN->BLL,"SUS46U, SUS8246"
Denmark,Billund,BA8247,BLL->MAN,"SUS47U, SUS8247"
United Kingdom,Manchester,BA8248,MAN->BLL,"SUS48U, SUS8248"
Denmark,Billund,BA8281,BLL->GOT,"SUS81L, SUS8281"
,,BA8283,BLL->GOT,"SUS8283, SUS83L"
Sweden,Gothenborg,BA8284,GOT->BLL,"SUS84L, SUS8284"
Ireland,Dublin,BA8362,LCY->DUB,CFE8362
,,BA8364,LCY->DUB,CFE8364
,,BA8365,DUB->LCY,CFE8365
,,BA8367,DUB->LCY,CFE8367
,,BA8370,LCY->DUB,CFE8370
,,BA8372,LCY->DUB,CFE8372
,,BA8373,DUB->LCY,CFE8373
CityFlyer Services
Country,City,Flight,Route,Call Signs
Netherlands,Amsterdam,BA8450,AMS->LCY,"CFE19F, CFE8450"
,,BA8451,LCY->AMS,"CFE8WL, CFE8451"
,,BA8452,AMS->LCY,CFE8452
,,BA8453,LCY->AMS,CFE8453
,,BA8454,AMS->LCY,"CFE4D, CFE8454"
,,BA8455,LCY->AMS,"CFE23X, CFE8455"
,,BA8456,AMS->LCY,"CFE8456, CFE6CP"
,,BA8457,LCY->AMS,"CFE45A, CFE8457"
,,BA8458,AMS->LCY,"CFE88C, CFE8458"
,,BA8459,LCY->AMS,"CFE67W, CFE8459"
,,BA8460,AMS->LCY,CFE60M
Spain,Ibiza,BA8461,LCY->IBZ,"CFE17Z, CFE8461"
,,BA8462,IBZ->LCY,"CFE68D, CFE8462"
Italy,Florence,BA8471,LCY->FLR,"CFE71J, CFE8471"
,,BA8472,FLR->LCY,"CFE72JF, CFE8472"
Austria,Salzburg,BA8479,LCY->SZG,"CFE26J, CFE8479"
,,BA8480,SZG->LCY,CFE8480
Spain,Palma de Mallorca,BA8483,LCY->PMI,"CFE79SC, CFE8483"
,,BA8484,PMI->LCY,CFE48A
,Malaga,BA8487,LCY->AGP,"CFE23DB, CFE8487"
,,BA8488,AGP->LCY,"CFE88L, CFE8488"
Netherlands,Amsterdam,BA8489,LCY->AMS,"CFE89W, CFE8489"
Germany,Berlin,BA8490,BER->LCY,"CFE8N, CFE8490"
,,BA8491,LCY->BER,"CFE76JZ, CFE8491"
,,BA8492,BER->LCY,"CFE34E, CFE8492"
,,BA8493,LCY->BER,"CFE93AU, CFE8493"
,,BA8494,BER->LCY,"CFE39M, CFE8494"
,,BA8495,LCY->BER,CFE8495
Netherlands,Amsterdam,BA8496,AMS->LCY,"CFE8496, CFE96A"
,,BA8497,LCY->AMS,CFE8497
More LHR Services
Country,City,Flight,Route,Call Signs
Italy,Rome,BA8581,FCO->LHR,BAW8581
France,Lyon,BA8606,LHR->LYS,BAW8606
,,BA8607,LYS->LHR,BAW8607
,Grenoble,BA8608,LHR->GNB,BAW8608
,,BA8609,GNB->LHR,BAW8609
,Lyon,BA8625,LYS->LGW,EFW8625
,Grenoble,BA8629,GNB->LGW,EFW8629
CityFlyer Services
Country,City,Flight,Route,Call Signs
United Kingdom,Edinburgh,BA8700,LCY->EDI,"CFE1TJ, CFE8700"
,,BA8701,EDI->LCY,"CFE6Z, CFE8701"
,,BA8702,LCY->EDI,"CFE5C, CFE8702"
,,BA8703,EDI->LCY,"CFE2GH, CFE8703"
,,BA8704,LCY->EDI,CFE8704
,,BA8705,EDI->LCY,"CFE11A, CFE8705"
,,BA8706,LCY->EDI,CFE8706
,,BA8707,EDI->LCY,"CFE99B, CFE8707"
,,BA8708,LCY->EDI,"CFE1BJ, CFE8708"
,,BA8709,EDI->LCY,CFE8709
,,BA8710,LCY->EDI,CFE8710
,,BA8711,EDI->LCY,"CFE36P, CFE8711"
,,BA8713,EDI->LCY,"CFE8713, CFE56D"
,,BA8714,LCY->EDI,"CFE78PG, CFE8714"
,,BA8715,EDI->LCY,"CFE57J, CFE8715"
,,BA8716,LCY->EDI,"CFE98G, CFE8716"
,,BA8718,LCY->EDI,"CFE76D, CFE8718"
,,BA8719,EDI->LCY,"CFE18M, CFE8719"
,Glasgow,BA8720,LCY->GLA,CFE8720
,,BA8721,GLA->LCY,"CFE8721, CFE17N"
,,BA8722,LCY->GLA,"CFE18J, CFE8722"
,,BA8723,GLA->LCY,"CFE14K, CFE8723"
,,BA8724,LCY->GLA,CFE8724
,,BA8725,GLA->LCY,"CFE1ZF, CFE8725"
,,BA8726,LCY->GLA,"CFE31BT, CFE8726"
,,BA8727,GLA->LCY,"CFE8727, CFE69ZN"
,,BA8728,LCY->GLA,"CFE72AN, CFE8728"
,,BA8729,GLA->LCY,CFE8729
,,BA8730,LCY->GLA,"CFE93G, CFE8730"
Germany,Frankfurt,BA8731,FRA->LCY,"CFE88F, CFE8731"
,,BA8734,LCY->FRA,"CFE9VK, CFE8734"
,,BA8735,FRA->LCY,"CFE7GN, CFE8735"
,,BA8736,LCY->FRA,CFE8736
,,BA8737,FRA->LCY,CFE8737
,,BA8738,LCY->FRA,"CFE8738, CFE86NH"
United Kingdom,Glasgow,BA8739,GLA->LCY,CFE8739
France,Chambery,BA8741,LCY->CMF,"CFE64D, CFE8741"
,,BA8742,CMF->LCY,"CFE42B, CFE8742"
Germany,Berlin,BA8744,BER->LCY,"CFE34E, CFE8744"
United Kingdom,Belfast,BA8751,BHD->LCY,CFE53A
,,BA8752,LCY->BHD,"CFE75A, CFE8752"
,,BA8753,BHD->LCY,"CFE53NR, CFE8753"
,,BA8756,LCY->BHD,"CFE62N, CFE8756"
,,BA8757,BHD->LCY,CFE8757
,,BA8758,LCY->BHD,"CFE95C, CFE8758"
Spain,Barcelona,BA8759,LCY->BCN,CFE8759
,,BA8760,BCN->LCY,"CFE49N, CFE8760"
Germany,Frankfurt,BA8761,LCY->FRA,CFE8761
,,BA8762,FRA->LCY,CFE8762
Switzerland,Zurich,BA8763,LCY->ZRH,"CFE31L, CFE8763"
,,BA8764,ZRH->LCY,"CFE33T, CFE8764"
,,BA8765,LCY->ZRH,"CFE8765, CFE33T"
,,BA8766,ZRH->LCY,CFE8766
,,BA8767,LCY->ZRH,"CFE35B, CFE8767"
,,BA8768,ZRH->LCY,CFE8768
More LGW Services
Country,City,Flight,Route,Call Signs
Special Services
Country,City,Flight,Route,Call Signs
United Kingdom,London,BA9152,LHR->LGW,BAW9152
,,BA9153,LHR->LGW,BAW9153
,,BA9154,LGW->LHR,BAW9154
,Glasgow,BA9155,LHR->GLA,BAW9155
,,BA9156,LHR->GLA,BAW9156
,London,BA9157,LHR->LGW,BAW9157
,,BA9158,LGW->LHR,BAW9158
,Cardiff,BA9170,LHR->CWL,BAW9170
,London,BA9171,LHR->LGW,BAW9171
,,BA9172,LGW->LHR,BAW9172
,Cardiff,BA9173,LHR->CWL,BAW9173
,,BA9174,CWL->LGW,BAW9174
,,BA9175,CWL->LHR,BAW9175
,London,BA9176,LGW->LHR,BAW9176
,,BA9177,LGW->LHR,BAW9177
,Cardiff,BA9178,LGW->CWL,BAW9178
,,BA9179,CWL->LHR,BAW9179
United Arab Emirates,Dubai,BA9180,DXB->LHR,BAW9180
United Kingdom,London,BA9250,LHR->LGW,BAW9250
,,BA9251,LHR->LGW,BAW9251
Sweden,Gothenborg,BA9252,GOT->LHR,BAW9252
United Kingdom,Edinburgh,BA9253,EDI->LHR,BAW9253
,London,BA9254,LGW->LHR,BAW9254
,,BA9256,STN->LHR,BAW9256
Hungary,Budapest,BA9270,BUD->LGW,BAW9270
Ireland,Shannon,BA9271,SNN->LHR,BAW9271
,,BA9272,LHR->SNN,BAW9272
,,BA9273,SNN->LHR,BAW9273
United Kingdom,Glasgow,BA9274,LHR->GLA,BAW9274
,,BA9275,GLA->LHR,BAW9275
,,BA9276,GLA->LHR,BAW9276
Spain,Barcelona,BA9277,BCN->LHR,BAW9277
,Madrid,BA9278,MAD->LHR,BAW9278
United States,Boston,BA9601,BOS->LHR,BAW9601
,Miami,BA9602,LHR->MIA,"BAW3Z, BAW9602"
Canada,Montreal,BA9603,YUL->YYZ,BAW9603
United States,San Francisco,BA9604,SFO->LHR,BAW2X
Canada,Toronto,BA9605,YYZ->LHR,BAW9605
Brazil,Rio De Janeiro,BA9606,GIG->MAD,BAW248
Canada,Vancouver,BA9607,LHR->YVR,BAW9607
,,BA9608,YVR->LHR,BAW9608
Barbados,Bridgetown,BA9609,BGI->LGW,BAW9609
Ireland,Dublin,BA9750,LGW->DUB,BAW9750
United Kingdom,London,BA9760,LGW->LCY,CFE9760
Italy,Florence,BA9761,FLR->BER,CFE9761
United Kingdom,Exeter,BA9769,LCY->EXT,CFE9769
,Norwich,BA9770,NWI->LCY,CFE9770
,Glasgow,BA9999,GLA->,BAW9999
"Support Speedbird Online

Â© 2017-2024 Speedbird Online"
